{
  "n_bona_fide": 116,
  "n_morph": 58,
  "n_pair_groups": 58,
  "n_folds": 5,
  "d_eer_percent": 17.24137931034483,
  "bpcer_at_apcer5_percent": 57.758620689655174,
  "bpcer_at_apcer10_percent": 41.37931034482759,
  "per_stream_d_eer_percent": {
    "lbp": 18.96551724137931,
    "hog": 18.96551724137931,
    "bsif": 43.103448275862064
  }
}