{
  "n_train": 138,
  "n_test": 36,
  "train_accuracy_percent": 92.02898550724638,
  "test_accuracy_percent": 88.88888888888889,
  "final_train_cross_entropy_loss": 0.3504934753367733,
  "final_test_cross_entropy_loss": 0.3581587275408602,
  "weights": {
    "lbp": 4.873898315645362,
    "hog": 7.983898483865186,
    "bsif": -1.5804455326373938
  },
  "bias": -3.4366706719592717,
  "n_iterations": 1000,
  "batch_size": 8,
  "learning_rate": 0.5
}