{
  "n_train": 138,
  "n_test": 36,
  "train_accuracy_percent": 88.40579710144928,
  "test_accuracy_percent": 88.88888888888889,
  "final_train_cross_entropy_loss": 0.39961209962999694,
  "weights": {
    "lbp": 3.616727144287879,
    "hog": 4.729739606135042,
    "bsif": -0.4782588992873925
  },
  "bias": -2.465350924175119,
  "epochs": 2000,
  "learning_rate": 0.1
}